title,url,tags
La Comarca,https://raw.githubusercontent.com/Juan-Exe/musica-dnd/main/01-la-comarca.mp3,"viaje,tranquilo,pueblo,phandalin"
Bolson Cerrado,https://raw.githubusercontent.com/Juan-Exe/musica-dnd/main/02-bolson-cerrado.mp3,"taberna,pueblo,descanso"
Volver a Casa,https://raw.githubusercontent.com/Juan-Exe/musica-dnd/main/03-volver-a-casa.mp3,"emotivo,final,descanso"
Lestrigones,https://raw.githubusercontent.com/Juan-Exe/musica-dnd/main/04-lestrigones.mp3,"combate,tension,monstruo"
La Prueba del Arco,https://raw.githubusercontent.com/Juan-Exe/musica-dnd/main/05-la-prueba-del-arco.mp3,"jefe,epico,dragon"
La Bruja del Bosque,https://raw.githubusercontent.com/Juan-Exe/musica-dnd/main/06-la-bruja-del-bosque.mp3,"bosque,misterio,magia,terragnoma"
Recuerdos de Madre,https://raw.githubusercontent.com/Juan-Exe/musica-dnd/main/07-recuerdos-de-madre.mp3,"emotivo,triste,ritual"
God of War,https://raw.githubusercontent.com/Juan-Exe/musica-dnd/main/08-god-of-war.mp3,"jefe,epico,combate,dragon"
Entrar en Pharloom,https://raw.githubusercontent.com/Juan-Exe/musica-dnd/main/09-entrar-en-pharloom.mp3,"mazmorra,exploracion,misterio"
Gruta de Musgo,https://raw.githubusercontent.com/Juan-Exe/musica-dnd/main/10-gruta-de-musgo.mp3,"cueva,mazmorra,tranquilo"
Bosque de Caparazon,https://raw.githubusercontent.com/Juan-Exe/musica-dnd/main/11-bosque-de-caparazon.mp3,"bosque,viaje,exploracion"
Aguas Negras,https://raw.githubusercontent.com/Juan-Exe/musica-dnd/main/12-aguas-negras.mp3,"mazmorra,oscuro,tension,tumulo"
Esfuerzo,https://raw.githubusercontent.com/Juan-Exe/musica-dnd/main/13-esfuerzo.mp3,"combate,tension,persecucion"
Encaje,https://raw.githubusercontent.com/Juan-Exe/musica-dnd/main/14-encaje.mp3,"jefe,duelo,tension"
Descanso Corto,https://raw.githubusercontent.com/Juan-Exe/musica-dnd/main/15-descanso-corto.mp3,"descanso,tranquilo,taberna"
Dias sin Fin,https://raw.githubusercontent.com/Juan-Exe/musica-dnd/main/16-dias-sin-fin.mp3,"tranquilo,pueblo,cotidiano"
Beso de Mariposa,https://raw.githubusercontent.com/Juan-Exe/musica-dnd/main/17-beso-de-mariposa.mp3,"misterio,magia,onirico"
Plan Perverso,https://raw.githubusercontent.com/Juan-Exe/musica-dnd/main/18-plan-perverso.mp3,"intriga,villano,tension"
Fantasma,https://raw.githubusercontent.com/Juan-Exe/musica-dnd/main/19-fantasma.mp3,"sigilo,intriga,tension"
Dark Souls Inicio,https://raw.githubusercontent.com/Juan-Exe/musica-dnd/main/20-dark-souls-inicio.mp3,"epico,oscuro,jefe,ruinas"
Casa,https://raw.githubusercontent.com/Juan-Exe/musica-dnd/main/21-casa-zelda.mp3,"descanso,hogar,tranquilo"
Bosque Kokiri,https://raw.githubusercontent.com/Juan-Exe/musica-dnd/main/22-bosque-kokiri.mp3,"bosque,pueblo,alegre,terragnoma"
Tarde en Konoha,https://raw.githubusercontent.com/Juan-Exe/musica-dnd/main/23-tarde-en-konoha.mp3,"pueblo,tranquilo,cotidiano,phandalin"
